Date,Close,,,,,
2026-01-12,"4,614.70",,,,,
2026-01-09,"4,500.90",,,,,
2026-01-08,"4,460.70",,,,,
2026-01-07,"4,462.50",,,,,
2026-01-06,"4,496.10",,,,,
2026-01-05,"4,451.50",,,,,
2026-01-02,"4,329.60",,,,,
2026-01-01,"4,361.55",,,,,
2025-12-30,"4,386.30",,,,,
2025-12-29,"4,327.00",,,,,
2025-12-25,"4,527.50",,,,,
2025-12-23,"4,505.70",,,,,
2025-12-22,"4,469.40",,,,,
2025-12-18,"4,364.50",,,,,
2025-12-17,"4,373.90",,,,,
2025-12-16,"4,332.30",,,,,
2025-12-15,"4,335.20",,,,,
2025-12-11,"4,313.00",,,,,
2025-12-10,"4,224.70",,,,,
2025-12-09,"4,236.20",,,,,
2025-12-08,"4,217.70",,,,,
2025-12-04,"4,243.00",,,,,
2025-12-03,"4,232.50",,,,,
2025-12-02,"4,220.80",,,,,
2025-12-01,"4,274.80",,,,,
2025-11-26,"4,202.30",,,,,
2025-11-25,"4,159.80",,,,,
2025-11-24,"4,113.10",,,,,
2025-11-20,"4,095.70",,,,,
2025-11-19,"4,118.20",,,,,
2025-11-18,"4,101.70",,,,,
2025-11-17,"4,109.80",,,,,
2025-11-13,"4,194.50",,,,,
2025-11-12,"4,213.60",,,,,
2025-11-11,"4,116.30",,,,,
2025-11-10,"4,122.00",,,,,
2025-11-06,"3,991.00",,,,,
2025-11-05,"3,992.90",,,,,
2025-11-04,"3,960.50",,,,,
2025-11-03,"4,014.00",,,,,
2025-10-30,"4,015.90",,,,,
2025-10-29,"3,986.20",,,,,
2025-10-28,"3,968.70",,,,,
2025-10-27,"4,005.50",,,,,
2025-10-23,"4,145.60",,,,,
2025-10-22,"4,065.40",,,,,
2025-10-21,"4,109.10",,,,,
2025-10-20,"4,359.40",,,,,
2025-10-16,"4,304.60",,,,,
2025-10-15,"4,201.60",,,,,
2025-10-14,"4,163.40",,,,,
2025-10-13,"4,133.00",,,,,
2025-10-09,"3,972.60",,,,,
2025-10-08,"4,070.50",,,,,
2025-10-07,"4,004.40",,,,,
2025-10-06,"3,976.30",,,,,
2025-10-02,"3,868.10",,,,,
2025-10-01,"3,897.50",,,,,
2025-09-30,"3,873.20",,,,,
2025-09-29,"3,855.20",,,,,
2025-09-25,"3,756.50",,,,,
2025-09-24,"3,753.40",,,,,
2025-09-23,"3,801.80",,,,,
2025-09-22,"3,761.60",,,,,
2025-09-18,"3,678.30",,,,,
2025-09-17,"3,717.80",,,,,
2025-09-16,"3,725.10",,,,,
2025-09-15,"3,719.00",,,,,
2025-09-11,"3,673.60",,,,,
2025-09-10,"3,682.00",,,,,
2025-09-09,"3,682.20",,,,,
2025-09-08,"3,677.40",,,,,
2025-09-04,"3,606.70",,,,,
2025-09-03,"3,635.50",,,,,
2025-09-02,"3,592.20",,,,,
2025-08-31,"3,512.00",,,,,
2025-08-28,"3,474.30",,,,,
2025-08-27,"3,435.70",,,,,
2025-08-26,"3,420.10",,,,,
2025-08-25,"3,404.90",,,,,
2025-08-21,"3,381.60",,,,,
2025-08-20,"3,388.50",,,,,
2025-08-19,"3,358.70",,,,,
2025-08-18,"3,378.00",,,,,
2025-08-14,"3,383.20",,,,,
2025-08-13,"3,408.30",,,,,
2025-08-12,"3,399.00",,,,,
2025-08-11,"3,404.70",,,,,
2025-08-07,"3,453.70",,,,,
2025-08-06,"3,433.40",,,,,
2025-08-05,"3,434.70",,,,,
2025-08-04,"3,426.40",,,,,
2025-07-31,"3,348.60",,,,,
2025-07-30,"3,352.80",,,,,
2025-07-29,"3,368.30",,,,,
2025-07-28,"3,354.00",,,,,
2025-07-24,"3,431.10",,,,,
2025-07-23,"3,455.10",,,,,
2025-07-22,"3,501.80",,,,,
2025-07-21,"3,462.90",,,,,
2025-07-17,"3,345.30",,,,,
2025-07-16,"3,359.10",,,,,
2025-07-15,"3,336.70",,,,,
2025-07-14,"3,359.10",,,,,
2025-07-10,"3,325.70",,,,,
2025-07-09,"3,321.00",,,,,
2025-07-08,"3,316.90",,,,,
2025-07-07,"3,342.80",,,,,
2025-07-03,"3,342.90",,,,,
2025-07-02,"3,359.70",,,,,
2025-07-01,"3,349.80",,,,,
2025-06-30,"3,307.70",,,,,
2025-06-26,"3,333.90",,,,,
2025-06-25,"3,329.00",,,,,
2025-06-24,"3,320.00",,,,,
2025-06-23,"3,380.60",,,,,
2025-06-18,"3,408.10",,,,,
2025-06-17,"3,406.90",,,,,
2025-06-16,"3,417.30",,,,,
2025-06-12,"3,402.40",,,,,
2025-06-11,"3,343.70",,,,,
2025-06-10,"3,343.40",,,,,
2025-06-09,"3,354.90",,,,,
2025-06-05,"3,375.10",,,,,
2025-06-04,"3,399.20",,,,,
2025-06-03,"3,377.10",,,,,
2025-06-02,"3,397.20",,,,,
2025-05-29,"3,343.90",,,,,
2025-05-28,"3,308.30",,,,,
2025-05-27,"3,313.70",,,,,
2025-05-25,"3,370.27",,,,,
2025-05-22,"3,323.60",,,,,
2025-05-21,"3,341.90",,,,,
2025-05-20,"3,312.60",,,,,
2025-05-19,"3,261.40",,,,,
2025-05-15,"3,226.60",,,,,
2025-05-14,"3,188.30",,,,,
2025-05-13,"3,247.80",,,,,
2025-05-12,"3,228.00",,,,,
2025-05-08,"3,306.00",,,,,
2025-05-07,"3,391.90",,,,,
2025-05-06,"3,422.80",,,,,
2025-05-05,"3,322.30",,,,,
2025-05-01,"3,222.20",,,,,
2025-04-30,"3,319.10",,,,,
2025-04-29,"3,333.60",,,,,
2025-04-28,"3,333.00",,,,,
2025-04-24,"3,348.60",,,,,
2025-04-23,"3,294.10",,,,,
2025-04-22,"3,419.40",,,,,
2025-04-21,"3,425.30",,,,,
2025-04-16,"3,346.40",,,,,
2025-04-15,"3,240.40",,,,,
2025-04-14,"3,226.30",,,,,
2025-04-10,"3,177.50",,,,,
2025-04-09,"3,079.40",,,,,
2025-04-08,"2,990.20",,,,,
2025-04-07,"2,973.60",,,,,
2025-04-03,"3,121.70",,,,,
2025-04-02,"3,166.20",,,,,
2025-04-01,"3,146.00",,,,,
2025-03-31,"3,150.30",,,,,
2025-03-27,"3,075.80",,,,,
2025-03-26,"3,037.30",,,,,
2025-03-25,"3,039.60",,,,,
2025-03-24,"3,044.00",,,,,
2025-03-20,"3,071.30",,,,,
2025-03-19,"3,069.10",,,,,
2025-03-18,"3,068.90",,,,,
2025-03-17,"3,034.10",,,,,
2025-03-13,"2,991.30",,,,,
2025-03-12,"2,946.80",,,,,
2025-03-11,"2,920.90",,,,,
2025-03-10,"2,899.40",,,,,
2025-03-06,"2,926.60",,,,,
2025-03-05,"2,926.00",,,,,
2025-03-04,"2,920.60",,,,,
2025-03-03,"2,901.10",,,,,
2025-02-27,"2,895.90",,,,,
2025-02-26,"2,917.80",,,,,
2025-02-25,"2,906.00",,,,,
2025-02-24,"2,949.70",,,,,
2025-02-20,"2,956.10",,,,,
2025-02-19,"2,936.10",,,,,
2025-02-18,"2,949.00",,,,,
2025-02-13,"2,945.40",,,,,
2025-02-12,"2,928.70",,,,,
2025-02-11,"2,932.60",,,,,
2025-02-10,"2,934.40",,,,,
2025-02-06,"2,876.70",,,,,
2025-02-05,"2,893.00",,,,,
2025-02-04,"2,875.80",,,,,
2025-02-03,"2,857.10",,,,,
2025-01-30,"2,845.20",,,,,
2025-01-29,"2,781.50",,,,,
2025-01-28,"2,781.00",,,,,
2025-01-27,"2,752.40",,,,,
2025-01-23,"2,778.30",,,,,
2025-01-22,"2,797.40",,,,,
2025-01-21,"2,785.60",,,,,
2025-01-16,"2,750.90",,,,,
2025-01-15,"2,717.80",,,,,
2025-01-14,"2,682.30",,,,,
2025-01-13,"2,678.60",,,,,
2025-01-09,"2,690.80",,,,,
2025-01-08,"2,672.40",,,,,
2025-01-07,"2,665.40",,,,,
2025-01-06,"2,647.40",,,,,
2025-01-02,"2,669.00",,,,,
2024-12-30,"2,618.10",,,,,
2024-12-26,"2,640.30",,,,,
2024-12-23,"2,615.50",,,,,
2024-12-19,"2,596.00",,,,,
2024-12-18,"2,640.80",,,,,
2024-12-17,"2,649.60",,,,,
2024-12-16,"2,657.00",,,,,
2024-12-12,"2,695.10",,,,,
2024-12-11,"2,741.50",,,,,
2024-12-10,"2,705.60",,,,,
2024-12-09,"2,673.30",,,,,
2024-12-05,"2,636.10",,,,,
2024-12-04,"2,664.30",,,,,
2024-12-03,"2,655.90",,,,,
2024-12-02,"2,646.50",,,,,
2024-11-27,"2,652.30",,,,,
2024-11-26,"2,621.30",,,,,
2024-11-25,"2,618.50",,,,,
2024-11-21,"2,674.90",,,,,
2024-11-20,"2,651.70",,,,,
2024-11-19,"2,631.00",,,,,
2024-11-18,"2,614.60",,,,,
2024-11-14,"2,572.90",,,,,
2024-11-13,"2,586.50",,,,,
2024-11-12,"2,606.30",,,,,
2024-11-11,"2,617.70",,,,,
2024-11-07,"2,705.80",,,,,
2024-11-06,"2,676.30",,,,,
2024-11-05,"2,749.70",,,,,
2024-11-04,"2,746.20",,,,,
2024-10-31,"2,749.30",,,,,
2024-10-30,"2,800.80",,,,,
2024-10-29,"2,768.80",,,,,
2024-10-28,"2,743.60",,,,,
2024-10-24,"2,736.50",,,,,
2024-10-23,"2,717.10",,,,,
2024-10-22,"2,747.40",,,,,
2024-10-21,"2,726.80",,,,,
2024-10-17,"2,695.50",,,,,
2024-10-16,"2,679.30",,,,,
2024-10-15,"2,667.00",,,,,
2024-10-14,"2,653.70",,,,,
2024-10-10,"2,627.40",,,,,
2024-10-09,"2,614.10",,,,,
2024-10-08,"2,623.50",,,,,
2024-10-07,"2,654.00",,,,,
2024-10-03,"2,667.40",,,,,
2024-10-02,"2,658.10",,,,,
2024-10-01,"2,678.50",,,,,
2024-09-30,"2,647.90",,,,,
2024-09-26,"2,670.40",,,,,
2024-09-25,"2,660.70",,,,,
2024-09-24,"2,653.00",,,,,
2024-09-23,"2,628.60",,,,,
2024-09-19,"2,590.90",,,,,
2024-09-18,"2,574.90",,,,,
2024-09-17,"2,568.90",,,,,
2024-09-16,"2,585.20",,,,,
2024-09-12,"2,557.10",,,,,
2024-09-11,"2,519.00",,,,,
2024-09-10,"2,519.50",,,,,
2024-09-09,"2,509.30",,,,,
2024-09-05,"2,519.70",,,,,
2024-09-04,"2,502.70",,,,,
2024-09-03,"2,499.70",,,,,
2024-08-29,"2,536.70",,,,,
2024-08-28,"2,502.60",,,,,
2024-08-27,"2,517.70",,,,,
2024-08-26,"2,520.20",,,,,
2024-08-22,"2,482.10",,,,,
2024-08-21,"2,512.80",,,,,
2024-08-20,"2,516.10",,,,,
2024-08-19,"2,506.80",,,,,
2024-08-15,"2,458.60",,,,,
2024-08-14,"2,446.20",,,,,
2024-08-13,"2,473.90",,,,,
2024-08-12,"2,469.90",,,,,
2024-08-08,"2,430.30",,,,,
2024-08-07,"2,400.00",,,,,
2024-08-06,"2,398.90",,,,,
2024-08-05,"2,411.80",,,,,
2024-08-01,"2,445.90",,,,,
2024-07-31,"2,438.50",,,,,
2024-07-30,"2,417.60",,,,,
2024-07-29,"2,377.80",,,,,
2024-07-25,"2,353.50",,,,,
2024-07-24,"2,415.70",,,,,
2024-07-23,"2,407.30",,,,,
2024-07-22,"2,394.70",,,,,
2024-07-18,"2,456.40",,,,,
2024-07-17,"2,459.90",,,,,
2024-07-16,"2,467.80",,,,,
2024-07-15,"2,428.90",,,,,
2024-07-11,"2,421.90",,,,,
2024-07-10,"2,379.70",,,,,
2024-07-09,"2,367.90",,,,,
2024-07-08,"2,363.50",,,,,
2024-07-03,"2,369.40",,,,,
2024-07-02,"2,333.40",,,,,
2024-07-01,"2,338.90",,,,,
2024-06-27,"2,336.60",,,,,
2024-06-26,"2,301.00",,,,,
2024-06-25,"2,318.40",,,,,
2024-06-24,"2,332.40",,,,,
2024-06-20,"2,357.00",,,,,
2024-06-18,"2,334.80",,,,,
2024-06-17,"2,316.90",,,,,
2024-06-13,"2,305.90",,,,,
2024-06-12,"2,342.70",,,,,
2024-06-11,"2,314.60",,,,,
2024-06-10,"2,315.10",,,,,
2024-06-06,"2,378.90",,,,,
2024-06-05,"2,363.60",,,,,
2024-06-04,"2,335.70",,,,,
2024-06-03,"2,357.50",,,,,
2024-05-30,"2,354.70",,,,,
2024-05-29,"2,341.20",,,,,
2024-05-28,"2,356.50",,,,,
2024-05-23,"2,337.20",,,,,
2024-05-22,"2,392.90",,,,,
2024-05-21,"2,425.90",,,,,
2024-05-20,"2,438.50",,,,,
2024-05-16,"2,385.50",,,,,
2024-05-15,"2,394.90",,,,,
2024-05-14,"2,359.90",,,,,
2024-05-13,"2,343.00",,,,,
2024-05-09,"2,340.30",,,,,
2024-05-08,"2,322.30",,,,,
2024-05-07,"2,324.20",,,,,
2024-05-06,"2,331.20",,,,,
2024-05-02,"2,309.60",,,,,
2024-05-01,"2,311.00",,,,,
2024-04-30,"2,302.90",,,,,
2024-04-29,"2,357.70",,,,,
2024-04-25,"2,330.30",,,,,
2024-04-24,"2,326.00",,,,,
2024-04-23,"2,329.90",,,,,
2024-04-22,"2,334.60",,,,,
2024-04-18,"2,385.80",,,,,
2024-04-17,"2,376.20",,,,,
2024-04-16,"2,395.50",,,,,
2024-04-15,"2,370.90",,,,,
2024-04-11,"2,360.80",,,,,
2024-04-10,"2,336.60",,,,,
2024-04-09,"2,350.60",,,,,
2024-04-08,"2,339.00",,,,,
2024-04-04,"2,296.90",,,,,
2024-04-03,"2,303.30",,,,,
2024-04-02,"2,270.30",,,,,
2024-04-01,"2,245.90",,,,,
2024-03-27,"2,201.40",,,,,
2024-03-26,"2,177.20",,,,,
2024-03-25,"2,176.40",,,,,
2024-03-21,"2,184.70",,,,,
2024-03-20,"2,161.00",,,,,
2024-03-19,"2,159.70",,,,,
2024-03-18,"2,164.30",,,,,
2024-03-14,"2,167.50",,,,,
2024-03-13,"2,180.80",,,,,
2024-03-12,"2,166.10",,,,,
2024-03-11,"2,188.60",,,,,
2024-03-07,"2,165.20",,,,,
2024-03-06,"2,158.20",,,,,
2024-03-05,"2,141.90",,,,,
2024-03-04,"2,126.30",,,,,
2024-02-29,"2,054.70",,,,,
2024-02-28,"2,042.70",,,,,
2024-02-27,"2,034.40",,,,,
2024-02-26,"2,029.10",,,,,
2024-02-22,"2,020.80",,,,,
2024-02-21,"2,024.50",,,,,
2024-02-20,"2,030.00",,,,,
2024-02-15,"2,005.30",,,,,
2024-02-14,"1,994.70",,,,,
2024-02-13,"1,997.70",,,,,
2024-02-12,"2,023.40",,,,,
2024-02-08,"2,038.10",,,,,
2024-02-07,"2,041.80",,,,,
2024-02-06,"2,041.50",,,,,
2024-02-05,"2,032.90",,,,,
2024-02-01,"2,061.20",,,,,
2024-01-31,"2,057.40",,,,,
2024-01-30,"2,041.10",,,,,
2024-01-29,"2,025.40",,,,,
2024-01-25,"2,017.80",,,,,
2024-01-24,"2,016.00",,,,,
2024-01-23,"2,025.80",,,,,
2024-01-22,"2,022.20",,,,,
2024-01-18,"2,021.60",,,,,
2024-01-17,"2,006.50",,,,,
2024-01-16,"2,030.20",,,,,
2024-01-11,"2,019.20",,,,,
2024-01-10,"2,027.80",,,,,
2024-01-09,"2,033.00",,,,,
2024-01-08,"2,033.50",,,,,
2024-01-04,"2,050.00",,,,,
2024-01-03,"2,042.80",,,,,
2024-01-02,"2,073.40",,,,,
2023-12-28,"2,083.50",,,,,
2023-12-27,"2,083.40",,,,,
2023-12-26,"2,060.40",,,,,
2023-12-21,"2,041.80",,,,,
2023-12-20,"2,038.10",,,,,
2023-12-19,"2,042.60",,,,,
2023-12-18,"2,030.90",,,,,
2023-12-14,"2,035.20",,,,,
2023-12-13,"1,988.10",,,,,
2023-12-12,"1,983.90",,,,,
2023-12-11,"1,984.30",,,,,
2023-12-07,"2,036.90",,,,,
2023-12-06,"2,038.40",,,,,
2023-12-05,"2,026.90",,,,,
2023-12-04,"2,032.90",,,,,
2023-11-30,"2,047.60",,,,,
2023-11-29,"2,057.50",,,,,
2023-11-28,"2,040.00",,,,,
2023-11-27,"2,012.40",,,,,
2023-11-22,"1,992.80",,,,,
2023-11-21,"2,001.60",,,,,
2023-11-20,"1,980.30",,,,,
2023-11-16,"1,987.30",,,,,
2023-11-15,"1,964.30",,,,,
2023-11-14,"1,966.50",,,,,
2023-11-13,"1,950.20",,,,,
2023-11-09,"1,969.80",,,,,
2023-11-08,"1,957.80",,,,,
2023-11-07,"1,973.50",,,,,
2023-11-06,"1,988.60",,,,,
2023-11-02,"1,993.50",,,,,
2023-11-01,"1,987.50",,,,,
2023-10-31,"1,994.30",,,,,
2023-10-30,"2,005.60",,,,,
2023-10-26,"1,987.90",,,,,
2023-10-25,"1,985.50",,,,,
2023-10-24,"1,976.80",,,,,
2023-10-23,"1,978.20",,,,,
2023-10-19,"1,971.20",,,,,
2023-10-18,"1,958.80",,,,,
2023-10-17,"1,926.40",,,,,
2023-10-16,"1,925.10",,,,,
2023-10-12,"1,874.20",,,,,
2023-10-11,"1,878.40",,,,,
2023-10-10,"1,866.70",,,,,
2023-10-09,"1,855.70",,,,,
2023-10-05,"1,823.20",,,,,
2023-10-04,"1,826.10",,,,,
2023-10-03,"1,832.60",,,,,
2023-10-02,"1,838.20",,,,,
2023-09-28,"1,869.50",,,,,
2023-09-27,"1,872.30",,,,,
2023-09-26,"1,901.60",,,,,
2023-09-25,"1,918.20",,,,,
2023-09-21,"1,921.20",,,,,
2023-09-20,"1,948.60",,,,,
2023-09-19,"1,935.30",,,,,
2023-09-18,"1,935.20",,,,,
2023-09-14,"1,914.40",,,,,
2023-09-13,"1,914.40",,,,,
2023-09-12,"1,917.20",,,,,
2023-09-11,"1,929.20",,,,,
2023-09-07,"1,924.10",,,,,
2023-09-06,"1,925.80",,,,,
2023-09-05,"1,934.30",,,,,
2023-08-31,"1,947.00",,,,,
2023-08-30,"1,954.00",,,,,
2023-08-29,"1,936.40",,,,,
2023-08-28,"1,918.50",,,,,
2023-08-24,"1,919.10",,,,,
2023-08-23,"1,920.50",,,,,
2023-08-22,"1,898.60",,,,,
2023-08-21,"1,895.70",,,,,
2023-08-17,"1,887.20",,,,,
2023-08-16,"1,900.20",,,,,
2023-08-15,"1,906.90",,,,,
2023-08-14,"1,915.60",,,,,
2023-08-10,"1,920.10",,,,,
2023-08-09,"1,921.90",,,,,
2023-08-08,"1,930.80",,,,,
2023-08-07,"1,940.70",,,,,
2023-08-03,"1,939.90",,,,,
2023-08-02,"1,946.00",,,,,
2023-08-01,"1,949.70",,,,,
2023-07-31,"1,979.60",,,,,
2023-07-27,"1,945.70",,,,,
2023-07-26,"1,970.10",,,,,
2023-07-25,"1,963.70",,,,,
2023-07-24,"1,962.20",,,,,
2023-07-20,"1,970.90",,,,,
2023-07-19,"1,980.80",,,,,
2023-07-18,"1,980.80",,,,,
2023-07-17,"1,956.40",,,,,
2023-07-13,"1,963.80",,,,,
2023-07-12,"1,961.70",,,,,
2023-07-11,"1,937.10",,,,,
2023-07-10,"1,931.00",,,,,
2023-07-06,"1,915.40",,,,,
2023-07-05,"1,927.10",,,,,
2023-07-03,"1,929.50",,,,,
2023-06-29,"1,917.90",,,,,
2023-06-28,"1,913.40",,,,,
2023-06-27,"1,915.10",,,,,
2023-06-26,"1,925.10",,,,,
2023-06-22,"1,915.00",,,,,
2023-06-21,"1,936.10",,,,,
2023-06-20,"1,938.90",,,,,
2023-06-15,"1,961.80",,,,,
2023-06-14,"1,960.10",,,,,
2023-06-13,"1,949.90",,,,,
2023-06-12,"1,960.90",,,,,
2023-06-08,"1,969.90",,,,,
2023-06-07,"1,949.90",,,,,
2023-06-06,"1,972.90",,,,,
2023-06-05,"1,965.70",,,,,
2023-06-01,"1,986.50",,,,,
2023-05-31,"1,973.10",,,,,
2023-05-30,"1,968.10",,,,,
2023-05-25,"1,943.70",,,,,
2023-05-24,"1,964.60",,,,,
2023-05-23,"1,974.50",,,,,
2023-05-22,"1,977.20",,,,,
2023-05-18,"1,959.80",,,,,
2023-05-17,"1,984.90",,,,,
2023-05-16,"1,993.00",,,,,
2023-05-15,"2,022.70",,,,,
2023-05-11,"2,020.50",,,,,
2023-05-10,"2,037.10",,,,,
2023-05-09,"2,042.90",,,,,
2023-05-08,"2,033.20",,,,,
2023-05-04,"2,055.70",,,,,
2023-05-03,"2,037.00",,,,,
2023-05-02,"2,023.30",,,,,
2023-05-01,"1,992.20",,,,,
2023-04-27,"1,999.00",,,,,
2023-04-26,"1,986.90",,,,,
2023-04-25,"1,995.10",,,,,
2023-04-24,"1,990.60",,,,,
2023-04-20,"2,009.80",,,,,
2023-04-19,"1,998.00",,,,,
2023-04-18,"2,010.30",,,,,
2023-04-17,"1,997.60",,,,,
2023-04-13,"2,045.80",,,,,
2023-04-12,"2,015.70",,,,,
2023-04-11,"2,010.00",,,,,
2023-04-10,"1,994.80",,,,,
2023-04-05,"2,026.80",,,,,
2023-04-04,"2,029.40",,,,,
2023-04-03,"1,991.30",,,,,
2023-03-30,"1,988.50",,,,,
2023-03-29,"1,966.90",,,,,
2023-03-28,"1,973.50",,,,,
2023-03-27,"1,953.80",,,,,
2023-03-23,"1,995.90",,,,,
2023-03-22,"1,949.60",,,,,
2023-03-21,"1,941.10",,,,,
2023-03-20,"1,982.80",,,,,
2023-03-16,"1,923.00",,,,,
2023-03-15,"1,931.30",,,,,
2023-03-14,"1,910.90",,,,,
2023-03-13,"1,916.50",,,,,
2023-03-09,"1,834.60",,,,,
2023-03-08,"1,818.60",,,,,
2023-03-07,"1,820.00",,,,,
2023-03-06,"1,854.60",,,,,
2023-03-02,"1,840.50",,,,,
2023-03-01,"1,845.40",,,,,
2023-02-28,"1,836.70",,,,,
2023-02-27,"1,824.90",,,,,
2023-02-23,"1,818.80",,,,,
2023-02-22,"1,833.30",,,,,
2023-02-21,"1,834.20",,,,,
2023-02-16,"1,843.40",,,,,
2023-02-15,"1,837.00",,,,,
2023-02-14,"1,857.00",,,,,
2023-02-13,"1,855.10",,,,,
2023-02-09,"1,870.00",,,,,
2023-02-08,"1,882.20",,,,,
2023-02-07,"1,876.50",,,,,
2023-02-06,"1,871.20",,,,,
2023-02-02,"1,922.20",,,,,
2023-02-01,"1,934.30",,,,,
2023-01-31,"1,936.60",,,,,
2023-01-30,"1,930.20",,,,,
2023-01-26,"1,930.00",,,,,
2023-01-25,"1,942.60",,,,,
2023-01-24,"1,935.40",,,,,
2023-01-23,"1,928.60",,,,,
2023-01-19,"1,923.90",,,,,
2023-01-18,"1,907.00",,,,,
2023-01-17,"1,909.90",,,,,
2023-01-12,"1,898.80",,,,,
2023-01-11,"1,878.90",,,,,
2023-01-10,"1,876.50",,,,,
2023-01-09,"1,877.80",,,,,
2023-01-05,"1,840.60",,,,,
2023-01-04,"1,859.00",,,,,
2023-01-03,"1,846.10",,,,,
2022-12-29,"1,826.00",,,,,
2022-12-28,"1,808.80",,,,,
2022-12-27,"1,816.30",,,,,
2022-12-22,"1,788.50",,,,,
2022-12-21,"1,818.50",,,,,
2022-12-20,"1,818.60",,,,,
2022-12-19,"1,791.00",,,,,
2022-12-15,"1,780.60",,,,,
2022-12-14,"1,811.50",,,,,
2022-12-13,"1,818.30",,,,,
2022-12-12,"1,785.00",,,,,
2022-12-08,"1,794.20",,,,,
2022-12-07,"1,791.00",,,,,
2022-12-06,"1,775.50",,,,,
2022-12-05,"1,774.30",,,,,
2022-12-01,"1,808.20",,,,,
2022-11-30,"1,753.20",,,,,
2022-11-29,"1,756.30",,,,,
2022-11-28,"1,740.30",,,,,
2022-11-23,"1,745.60",,,,,
2022-11-22,"1,739.90",,,,,
2022-11-21,"1,739.60",,,,,
2022-11-17,"1,763.00",,,,,
2022-11-16,"1,775.80",,,,,
2022-11-15,"1,776.80",,,,,
2022-11-14,"1,776.90",,,,,
2022-11-10,"1,753.70",,,,,
2022-11-09,"1,713.70",,,,,
2022-11-08,"1,716.00",,,,,
2022-11-07,"1,680.50",,,,,
2022-11-03,"1,630.90",,,,,
2022-11-02,"1,650.00",,,,,
2022-11-01,"1,649.70",,,,,
2022-10-31,"1,640.70",,,,,
2022-10-27,"1,660.30",,,,,
2022-10-26,"1,664.40",,,,,
2022-10-25,"1,653.30",,,,,
2022-10-24,"1,649.20",,,,,
2022-10-20,"1,631.80",,,,,
2022-10-19,"1,629.00",,,,,
2022-10-18,"1,650.70",,,,,
2022-10-17,"1,658.90",,,,,
2022-10-13,"1,671.80",,,,,
2022-10-12,"1,672.30",,,,,
2022-10-11,"1,680.90",,,,,
2022-10-10,"1,670.10",,,,,
2022-10-06,"1,715.50",,,,,
2022-10-05,"1,715.60",,,,,
2022-10-04,"1,725.50",,,,,
2022-10-03,"1,697.20",,,,,
2022-09-29,"1,663.60",,,,,
2022-09-28,"1,660.30",,,,,
2022-09-27,"1,626.50",,,,,
2022-09-26,"1,623.60",,,,,
2022-09-22,"1,671.40",,,,,
2022-09-21,"1,665.80",,,,,
2022-09-20,"1,661.00",,,,,
2022-09-19,"1,667.60",,,,,
2022-09-15,"1,666.80",,,,,
2022-09-14,"1,698.20",,,,,
2022-09-13,"1,707.10",,,,,
2022-09-12,"1,730.80",,,,,
2022-09-08,"1,710.60",,,,,
2022-09-07,"1,718.20",,,,,
2022-09-06,"1,703.40",,,,,
2022-09-01,"1,699.60",,,,,
2022-08-31,"1,716.90",,,,,
2022-08-30,"1,726.90",,,,,
2022-08-29,"1,736.70",,,,,
2022-08-25,"1,757.80",,,,,
2022-08-24,"1,747.80",,,,,
2022-08-23,"1,747.30",,,,,
2022-08-22,"1,734.40",,,,,
2022-08-18,"1,756.50",,,,,
2022-08-17,"1,761.90",,,,,
2022-08-16,"1,774.90",,,,,
2022-08-15,"1,783.30",,,,,
2022-08-11,"1,792.10",,,,,
2022-08-10,"1,798.50",,,,,
2022-08-09,"1,796.80",,,,,
2022-08-08,"1,789.60",,,,,
2022-08-04,"1,791.20",,,,,
2022-08-03,"1,760.90",,,,,
2022-08-02,"1,774.80",,,,,
2022-08-01,"1,772.70",,,,,
2022-07-28,"1,754.40",,,,,
2022-07-27,"1,719.10",,,,,
2022-07-26,"1,717.70",,,,,
2022-07-25,"1,719.10",,,,,
2022-07-21,"1,713.40",,,,,
2022-07-20,"1,700.20",,,,,
2022-07-19,"1,710.70",,,,,
2022-07-18,"1,710.20",,,,,
2022-07-14,"1,705.80",,,,,
2022-07-13,"1,735.50",,,,,
2022-07-12,"1,724.80",,,,,
2022-07-11,"1,731.70",,,,,
2022-07-07,"1,739.70",,,,,
2022-07-06,"1,736.50",,,,,
2022-07-05,"1,763.90",,,,,
2022-06-30,"1,807.30",,,,,
2022-06-29,"1,817.50",,,,,
2022-06-28,"1,817.50",,,,,
2022-06-27,"1,821.00",,,,,
2022-06-23,"1,826.30",,,,,
2022-06-22,"1,835.20",,,,,
2022-06-21,"1,835.40",,,,,
2022-06-16,"1,846.60",,,,,
2022-06-15,"1,816.30",,,,,
2022-06-14,"1,810.50",,,,,
2022-06-13,"1,829.20",,,,,
2022-06-09,"1,850.10",,,,,
2022-06-08,"1,853.60",,,,,
2022-06-07,"1,849.20",,,,,
2022-06-06,"1,840.80",,,,,
2022-06-02,"1,868.40",,,,,
2022-06-01,"1,845.80",,,,,
2022-05-31,"1,845.20",,,,,
2022-05-26,"1,847.60",,,,,
2022-05-25,"1,846.30",,,,,
2022-05-24,"1,865.40",,,,,
2022-05-23,"1,847.80",,,,,
2022-05-19,"1,841.20",,,,,
2022-05-18,"1,815.90",,,,,
2022-05-17,"1,818.90",,,,,
2022-05-16,"1,814.00",,,,,
2022-05-12,"1,824.60",,,,,
2022-05-11,"1,853.70",,,,,
2022-05-10,"1,841.00",,,,,
2022-05-09,"1,858.60",,,,,
2022-05-05,"1,875.70",,,,,
2022-05-04,"1,868.80",,,,,
2022-05-03,"1,870.60",,,,,
2022-05-02,"1,863.60",,,,,
2022-04-28,"1,891.30",,,,,
2022-04-27,"1,885.80",,,,,
2022-04-26,"1,901.50",,,,,
2022-04-25,"1,893.30",,,,,
2022-04-21,"1,945.40",,,,,
2022-04-20,"1,952.90",,,,,
2022-04-19,"1,956.30",,,,,
2022-04-18,"1,983.60",,,,,
2022-04-13,"1,981.90",,,,,
2022-04-12,"1,973.20",,,,,
2022-04-11,"1,945.10",,,,,
2022-04-07,"1,934.70",,,,,
2022-04-06,"1,919.70",,,,,
2022-04-05,"1,924.10",,,,,
2022-04-04,"1,930.60",,,,,
2022-03-31,"1,951.10",,,,,
2022-03-30,"1,936.10",,,,,
2022-03-29,"1,912.20",,,,,
2022-03-28,"1,939.80",,,,,
2022-03-24,"1,962.20",,,,,
2022-03-23,"1,937.30",,,,,
2022-03-22,"1,921.50",,,,,
2022-03-21,"1,929.50",,,,,
2022-03-17,"1,943.20",,,,,
2022-03-16,"1,909.20",,,,,
2022-03-15,"1,929.70",,,,,
2022-03-14,"1,960.80",,,,,
2022-03-10,"2,000.40",,,,,
2022-03-09,"1,988.20",,,,,
2022-03-08,"2,043.30",,,,,
2022-03-07,"1,995.90",,,,,
2022-03-03,"1,935.90",,,,,
2022-03-02,"1,922.30",,,,,
2022-03-01,"1,943.80",,,,,
2022-02-28,"1,900.70",,,,,
2022-02-24,"1,925.40",,,,,
2022-02-23,"1,909.40",,,,,
2022-02-22,"1,906.40",,,,,
2022-02-21,"1,907.40",,,,,
2022-02-18,"1,898.80",,,,,
2022-02-17,"1,901.00",,,,,
2022-02-16,"1,870.50",,,,,
2022-02-15,"1,855.10",,,,,
2022-02-14,"1,868.30",,,,,
2022-02-11,"1,841.10",,,,,
2022-02-10,"1,836.40",,,,,
2022-02-09,"1,835.60",,,,,
2022-02-08,"1,826.80",,,,,
2022-02-07,"1,820.80",,,,,
2022-02-04,"1,806.80",,,,,
2022-02-03,"1,803.20",,,,,
2022-02-02,"1,809.50",,,,,
2022-02-01,"1,800.80",,,,,
2022-01-31,"1,796.00",,,,,
2022-01-28,"1,785.80",,,,,
2022-01-27,"1,793.10",,,,,
2022-01-26,"1,829.70",,,,,
2022-01-25,"1,852.50",,,,,
2022-01-24,"1,841.70",,,,,
2022-01-21,"1,831.80",,,,,
2022-01-20,"1,842.60",,,,,
2022-01-19,"1,843.20",,,,,
2022-01-18,"1,812.40",,,,,
2022-01-17,"1,812.40",,,,,
2022-01-14,"1,816.50",,,,,
2022-01-13,"1,821.40",,,,,
2022-01-12,"1,827.30",,,,,
2022-01-11,"1,818.50",,,,,
2022-01-10,"1,798.80",,,,,
2022-01-07,"1,797.40",,,,,
2022-01-06,"1,789.20",,,,,
2022-01-05,"1,825.10",,,,,
2022-01-04,"1,814.60",,,,,
2022-01-03,"1,800.10",,,,,
2021-12-31,"1,828.60",,,,,
2021-12-30,"1,814.10",,,,,
2021-12-29,"1,804.80",,,,,
2021-12-28,"1,810.10",,,,,
2021-12-27,"1,808.00",,,,,
2021-12-23,"1,811.00",,,,,
2021-12-22,"1,801.50",,,,,
2021-12-21,"1,788.00",,,,,
2021-12-20,"1,793.80",,,,,
2021-12-17,"1,804.10",,,,,
2021-12-16,"1,797.40",,,,,
2021-12-15,"1,763.60",,,,,
2021-12-14,"1,771.30",,,,,
2021-12-13,"1,787.30",,,,,
2021-12-10,"1,783.80",,,,,
2021-12-09,"1,775.70",,,,,
2021-12-08,"1,784.50",,,,,
2021-12-07,"1,783.60",,,,,
2021-12-06,"1,778.50",,,,,
2021-12-03,"1,782.90",,,,,
2021-12-02,"1,761.60",,,,,
2021-12-01,"1,783.00",,,,,
2021-11-30,"1,775.10",,,,,
2021-11-29,"1,783.80",,,,,
2021-11-26,"1,785.50",,,,,
2021-11-25,"1,785.50",,,,,
2021-11-24,"1,784.30",,,,,
2021-11-23,"1,783.80",,,,,
2021-11-22,"1,806.30",,,,,
2021-11-19,"1,851.60",,,,,
2021-11-18,"1,861.40",,,,,
2021-11-17,"1,870.20",,,,,
2021-11-16,"1,854.10",,,,,
2021-11-15,"1,866.60",,,,,
2021-11-12,"1,868.50",,,,,
2021-11-11,"1,863.90",,,,,
2021-11-10,"1,848.30",,,,,
2021-11-09,"1,830.80",,,,,
2021-11-08,"1,828.00",,,,,
2021-11-05,"1,816.80",,,,,
2021-11-04,"1,793.50",,,,,
2021-11-03,"1,763.90",,,,,
2021-11-02,"1,789.40",,,,,
2021-11-01,"1,795.80",,,,,
2021-10-29,"1,783.90",,,,,
2021-10-28,"1,802.60",,,,,
2021-10-27,"1,797.80",,,,,
2021-10-26,"1,792.50",,,,,
2021-10-25,"1,806.20",,,,,
2021-10-22,"1,795.70",,,,,
2021-10-21,"1,781.30",,,,,
2021-10-20,"1,784.40",,,,,
2021-10-19,"1,769.90",,,,,
2021-10-18,"1,765.10",,,,,
2021-10-15,"1,767.70",,,,,
2021-10-14,"1,797.30",,,,,
2021-10-13,"1,794.10",,,,,
2021-10-12,"1,758.70",,,,,
2021-10-11,"1,755.10",,,,,
2021-10-08,"1,756.80",,,,,
2021-10-07,"1,758.60",,,,,
2021-10-06,"1,761.20",,,,,
2021-10-05,"1,760.20",,,,,
2021-10-04,"1,766.90",,,,,
2021-10-01,"1,757.70",,,,,
2021-09-30,"1,756.30",,,,,
2021-09-29,"1,722.20",,,,,
2021-09-28,"1,735.90",,,,,
2021-09-27,"1,750.00",,,,,
2021-09-24,"1,749.70",,,,,
2021-09-23,"1,747.70",,,,,
2021-09-22,"1,776.70",,,,,
2021-09-21,"1,776.10",,,,,
2021-09-20,"1,761.80",,,,,
2021-09-17,"1,749.40",,,,,
2021-09-16,"1,754.60",,,,,
2021-09-15,"1,792.60",,,,,
2021-09-14,"1,805.00",,,,,
2021-09-13,"1,792.30",,,,,
2021-09-10,"1,789.90",,,,,
2021-09-09,"1,797.80",,,,,
2021-09-08,"1,791.20",,,,,
2021-09-07,"1,796.30",,,,,
2021-09-06,"1,798.50",,,,,
2021-09-03,"1,831.50",,,,,
2021-09-02,"1,809.40",,,,,
2021-09-01,"1,813.80",,,,,
2021-08-31,"1,815.80",,,,,
2021-08-30,"1,809.80",,,,,
2021-08-27,"1,816.60",,,,,
2021-08-26,"1,792.40",,,,,
2021-08-25,"1,788.20",,,,,
2021-08-24,"1,805.90",,,,,
2021-08-23,"1,803.60",,,,,
2021-08-20,"1,781.40",,,,,
2021-08-19,"1,780.60",,,,,
2021-08-18,"1,782.10",,,,,
2021-08-17,"1,785.50",,,,,
2021-08-16,"1,787.20",,,,,
2021-08-13,"1,775.50",,,,,
2021-08-12,"1,749.30",,,,,
2021-08-11,"1,750.80",,,,,
2021-08-10,"1,729.00",,,,,
2021-08-09,"1,723.80",,,,,
2021-08-06,"1,760.30",,,,,
2021-08-05,"1,805.70",,,,,
2021-08-04,"1,811.20",,,,,
2021-08-03,"1,810.70",,,,,
2021-08-02,"1,818.70",,,,,
2021-07-30,"1,813.50",,,,,
2021-07-29,"1,832.30",,,,,
2021-07-28,"1,799.70",,,,,
2021-07-27,"1,799.80",,,,,
2021-07-26,"1,799.20",,,,,
2021-07-23,"1,801.80",,,,,
2021-07-22,"1,805.40",,,,,
2021-07-21,"1,803.40",,,,,
2021-07-20,"1,811.40",,,,,
2021-07-19,"1,809.20",,,,,
2021-07-16,"1,815.00",,,,,
2021-07-15,"1,829.00",,,,,
2021-07-14,"1,825.00",,,,,
2021-07-13,"1,809.90",,,,,
2021-07-12,"1,805.90",,,,,
2021-07-09,"1,810.60",,,,,
2021-07-08,"1,800.20",,,,,
2021-07-07,"1,802.10",,,,,
2021-07-06,"1,794.20",,,,,
2021-07-05,"1,794.20",,,,,
2021-07-02,"1,783.30",,,,,
2021-07-01,"1,776.80",,,,,
2021-06-30,"1,771.60",,,,,
2021-06-29,"1,763.60",,,,,
2021-06-28,"1,779.80",,,,,
2021-06-25,"1,777.00",,,,,
2021-06-24,"1,775.80",,,,,
2021-06-23,"1,782.50",,,,,
2021-06-22,"1,776.50",,,,,
2021-06-21,"1,782.30",,,,,
2021-06-18,"1,768.40",,,,,
2021-06-17,"1,774.50",,,,,
2021-06-16,"1,860.20",,,,,
2021-06-15,"1,855.20",,,,,
2021-06-14,"1,864.60",,,,,
2021-06-11,"1,878.40",,,,,
2021-06-10,"1,895.20",,,,,
2021-06-09,"1,894.20",,,,,
2021-06-08,"1,893.10",,,,,
2021-06-07,"1,897.60",,,,,
2021-06-04,"1,890.80",,,,,
2021-06-03,"1,872.10",,,,,
2021-06-02,"1,908.70",,,,,
2021-06-01,"1,903.70",,,,,
2021-05-31,"1,905.00",,,,,
2021-05-28,"1,904.00",,,,,
2021-05-27,"1,896.90",,,,,
2021-05-26,"1,901.20",,,,,
2021-05-25,"1,898.00",,,,,
2021-05-24,"1,884.50",,,,,
2021-05-21,"1,876.70",,,,,
2021-05-20,"1,881.90",,,,,
2021-05-19,"1,881.50",,,,,
2021-05-18,"1,868.00",,,,,
2021-05-17,"1,867.60",,,,,
2021-05-14,"1,838.10",,,,,
2021-05-13,"1,824.00",,,,,
2021-05-12,"1,822.80",,,,,
2021-05-11,"1,836.10",,,,,
2021-05-10,"1,837.60",,,,,
2021-05-07,"1,831.30",,,,,
2021-05-06,"1,815.70",,,,,
2021-05-05,"1,784.30",,,,,
2021-05-04,"1,776.00",,,,,
2021-05-03,"1,791.80",,,,,
2021-04-30,"1,767.70",,,,,
2021-04-29,"1,768.30",,,,,
2021-04-28,"1,773.50",,,,,
2021-04-27,"1,778.20",,,,,
2021-04-26,"1,779.40",,,,,
2021-04-23,"1,777.30",,,,,
2021-04-22,"1,781.50",,,,,
2021-04-21,"1,792.70",,,,,
2021-04-20,"1,777.60",,,,,
2021-04-19,"1,769.70",,,,,
2021-04-16,"1,779.30",,,,,
2021-04-15,"1,765.80",,,,,
2021-04-14,"1,735.30",,,,,
2021-04-13,"1,746.50",,,,,
2021-04-12,"1,731.60",,,,,
2021-04-09,"1,743.80",,,,,
2021-04-08,"1,757.10",,,,,
2021-04-07,"1,740.50",,,,,
2021-04-06,"1,742.00",,,,,
2021-04-05,"1,727.70",,,,,
2021-04-01,"1,727.30",,,,,
2021-03-31,"1,714.40",,,,,
2021-03-30,"1,685.10",,,,,
2021-03-29,"1,712.20",,,,,
2021-03-26,"1,732.30",,,,,
2021-03-25,"1,725.10",,,,,
2021-03-24,"1,733.20",,,,,
2021-03-23,"1,725.10",,,,,
2021-03-22,"1,738.10",,,,,
2021-03-19,"1,741.70",,,,,
2021-03-18,"1,732.50",,,,,
2021-03-17,"1,727.10",,,,,
2021-03-16,"1,730.90",,,,,
2021-03-15,"1,729.20",,,,,
2021-03-12,"1,719.80",,,,,
2021-03-11,"1,722.60",,,,,
2021-03-10,"1,721.80",,,,,
2021-03-09,"1,716.90",,,,,
2021-03-08,"1,678.00",,,,,
2021-03-05,"1,698.50",,,,,
2021-03-04,"1,700.70",,,,,
2021-03-03,"1,715.80",,,,,
2021-03-02,"1,733.60",,,,,
2021-03-01,"1,723.00",,,,,
2021-02-26,"1,728.80",,,,,
2021-02-25,"1,775.40",,,,,
2021-02-24,"1,796.60",,,,,
2021-02-23,"1,804.80",,,,,
2021-02-22,"1,807.20",,,,,
2021-02-19,"1,776.30",,,,,
2021-02-18,"1,774.00",,,,,
2021-02-17,"1,771.80",,,,,
2021-02-16,"1,797.90",,,,,
2021-02-15,"1,799.00",,,,,
2021-02-12,"1,822.00",,,,,
2021-02-11,"1,825.60",,,,,
2021-02-10,"1,841.60",,,,,
2021-02-09,"1,836.20",,,,,
2021-02-08,"1,833.00",,,,,
2021-02-05,"1,811.90",,,,,
2021-02-04,"1,790.30",,,,,
2021-02-03,"1,833.80",,,,,
2021-02-02,"1,832.40",,,,,
2021-02-01,"1,862.20",,,,,
2021-01-29,"1,849.00",,,,,
2021-01-28,"1,839.40",,,,,
2021-01-27,"1,844.90",,,,,
2021-01-26,"1,850.90",,,,,
2021-01-25,"1,855.20",,,,,
2021-01-22,"1,856.20",,,,,
2021-01-21,"1,865.90",,,,,
2021-01-20,"1,866.50",,,,,
2021-01-19,"1,840.20",,,,,
2021-01-18,"1,840.20",,,,,
2021-01-15,"1,829.90",,,,,
2021-01-14,"1,851.40",,,,,
2021-01-13,"1,854.90",,,,,
2021-01-12,"1,844.20",,,,,
2021-01-11,"1,850.80",,,,,
2021-01-08,"1,835.40",,,,,
2021-01-07,"1,913.60",,,,,
2021-01-06,"1,908.60",,,,,
2021-01-05,"1,954.40",,,,,
2021-01-04,"1,946.60",,,,,
2020-12-31,"1,895.10",,,,,
2020-12-30,"1,893.40",,,,,
2020-12-29,"1,880.50",,,,,
2020-12-28,"1,877.90",,,,,
2020-12-24,"1,880.70",,,,,
2020-12-23,"1,875.60",,,,,
2020-12-22,"1,867.70",,,,,
2020-12-21,"1,880.30",,,,,
2020-12-18,"1,886.50",,,,,
2020-12-17,"1,887.90",,,,,
2020-12-16,"1,857.00",,,,,
2020-12-15,"1,853.20",,,,,
2020-12-14,"1,829.80",,,,,
2020-12-11,"1,841.40",,,,,
2020-12-10,"1,835.20",,,,,
2020-12-09,"1,836.10",,,,,
2020-12-08,"1,872.30",,,,,
2020-12-07,"1,863.30",,,,,
2020-12-04,"1,837.50",,,,,
2020-12-03,"1,838.40",,,,,
2020-12-02,"1,827.60",,,,,
2020-12-01,"1,816.60",,,,,
2020-11-30,"1,778.00",,,,,
2020-11-27,"1,784.80",,,,,
2020-11-26,"1,788.10",,,,,
2020-11-25,"1,805.50",,,,,
2020-11-24,"1,804.60",,,,,
2020-11-23,"1,837.80",,,,,
2020-11-20,"1,872.40",,,,,
2020-11-19,"1,861.50",,,,,
2020-11-18,"1,873.90",,,,,
2020-11-17,"1,885.10",,,,,
2020-11-16,"1,887.80",,,,,
2020-11-13,"1,886.20",,,,,
2020-11-12,"1,873.30",,,,,
2020-11-11,"1,861.60",,,,,
2020-11-10,"1,876.40",,,,,
2020-11-09,"1,854.40",,,,,
2020-11-06,"1,951.70",,,,,
2020-11-05,"1,946.80",,,,,
2020-11-04,"1,896.20",,,,,
2020-11-03,"1,910.40",,,,,
2020-11-02,"1,892.50",,,,,
2020-10-30,"1,879.90",,,,,
2020-10-29,"1,868.00",,,,,
2020-10-28,"1,876.50",,,,,
2020-10-27,"1,909.20",,,,,
2020-10-26,"1,903.10",,,,,
2020-10-23,"1,902.30",,,,,
2020-10-22,"1,901.60",,,,,
2020-10-21,"1,925.70",,,,,
2020-10-20,"1,911.60",,,,,
2020-10-19,"1,907.70",,,,,
2020-10-16,"1,902.40",,,,,
2020-10-15,"1,904.90",,,,,
2020-10-14,"1,903.10",,,,,
2020-10-13,"1,890.20",,,,,
2020-10-12,"1,924.30",,,,,
